#MD5,SHA256,Family,Actor,Country,Report
"18557f571ab13a1f4365de8a15d26e12","a27f261247f766346d57e2fdedc167f574d13c9820986e92752df05e380c2972","Xtreme RAT","","Syria","https://www.eff.org/deeplinks/2012/04/campaign-targeting-syrian-activists-escalates-with-new-surveillance-malware"
"41a2159b94c6883f03d2d901428a5891","e11e8b39f785b2184f68369e2e1300530572725073e66117b83be0a84f82355a","Xtreme RAT","","Syria","https://www.f-secure.com/weblog/archives/00002356.html"
"fb6e419e0fd9c2f39be43bcadbd2879f","25d4f6a5ba2e04660e761eb1c5c40fe91b7f2a59aa2bdb8f69bfd7ed78d62d38","Xtreme RAT","","Syria","https://www.f-secure.com/weblog/archives/00002356.html"
"bc403bef3c2372cb4c76428d42e8d188","40c94967cb791bc47fbbc78a9c9540e5d0d4950a46e13aa0e8fa0ab608910641","DarkComet","","Syria","https://www.f-secure.com/weblog/archives/00002356.html"
"0d1bd081974a4dcdeee55f025423a72b","15c34d2b0e834727949dbacea897db33c785a32ac606c0935e3758c8dc975535","BlackShades","","Syria","https://citizenlab.ca/2012/06/syrian-activists-targeted-with-blackshades-spy-software/"
"291ce2c51e5ea57b571d6610e1d324f9","abc85152d52d86586ccac93e10f36140f645c1f8cc0d433031c528f99d0ca89d","BlackShades","","Syria","https://citizenlab.ca/2012/06/syrian-activists-targeted-with-blackshades-spy-software/"
"78902e074a7ed514e0f5dca584cd05a5","a3774372a3902ae007686477d3fba696602cd5f8e1855f52076b87192954fecf","BlackShades","","Syria","https://citizenlab.ca/2012/06/syrian-activists-targeted-with-blackshades-spy-software/"
"e58a1795277edc08d35c6898f9befc1c","a0579416c180348180d646f1a455856f05530796eeda5cd7fc5bc8cd2e84c4f8","BlackShades","","Syria","https://citizenlab.ca/2012/06/syrian-activists-targeted-with-blackshades-spy-software/"
"c09d23a8e44c3170e9af0132788fceb0","430f220ee9b3083b43347918dbda3051145734e243e92b966a99990376c21eb8","BlackShades","","Syria","https://www.eff.org/deeplinks/2012/07/new-blackshades-malware"
"0fe550a5d1187d38984c505ef7741638","a0dea7b1e8caae760f0f664ac7b9187c66f93ac1c504f6e54564e594c6243618","LURK","","Tibet","https://citizenlab.ca/2012/07/recent-observations"
"16160a6a9b905c69cb8e92c319212980","b37b0b585c595698c92952876ec9075d56bdcb33bf74d0613d04b0093f4a7b97","LURK","","Tibet","https://citizenlab.ca/2012/07/recent-observations"
"1c22ee3326affee30c3fa65f0b8413d5","","LURK","","Tibet","https://citizenlab.ca/2012/07/recent-observations"
"58f6922dedb0d43c4478a4f38ad08620","","LURK","","Tibet","https://citizenlab.ca/2012/07/recent-observations"
"971f99af0f9df674a79507ed7b3010fb","dff871b5df358dd4e290a34e8f1a77e2cb45bb49d0e3b539eee48245fef2f043","LURK","","Tibet","https://citizenlab.ca/2012/07/recent-observations"
"f2a0787388dd6373336b3f23f204524a","316b61e1b06c08926b82fc19ff5b0119e4f08a264ded76b1eaedab024be4ef76","LURK","","Tibet","https://citizenlab.ca/2012/07/recent-observations"
"b6d700a58965692e92dce5dbc4323391","2ec6814e4bad0cb03db6e241aabdc5e59661fb580bd870bdb50a39f1748b1d14","FinFisher","","Bahrain","https://citizenlab.ca/2012/07/from-bahrain-with-love-finfishers-spy-kit-exposed/"
"","324783fbc33ec117f971cca77ef7ceaf7ce229a74edd6e2b3bd0effd9ed10dcc","FinFisher","","Bahrain","https://citizenlab.ca/2012/07/from-bahrain-with-love-finfishers-spy-kit-exposed/"
"e82647e42868e0ff0b6357fcf0f6e95f","39b325bd19e0fe6e3e0fca355c2afddfe19cdd14ebda7a5fc96491fc66e0faba","FinFisher","","Bahrain","https://citizenlab.ca/2012/07/from-bahrain-with-love-finfishers-spy-kit-exposed/"
"ee5b03b5990dc310b77aac1d32da68de","49000fc53412bfda157417e2335410cf69ac26b66b0818a3be7eff589669d040","FinFisher","","Bahrain","https://citizenlab.ca/2012/07/from-bahrain-with-love-finfishers-spy-kit-exposed/"
"6c9021618abde67bb08233c26bcf3b09","80fb86e265d44fbabac942f7b26c973944d2ace8a8268c094c3527b83169b3cc","FinFisher","","Bahrain","https://citizenlab.ca/2012/07/from-bahrain-with-love-finfishers-spy-kit-exposed/"
"c488a8aaef0df577efdf1b501611ec20","81531ce5a248aead7cda76dd300f303dafe6f1b7a4c953ca4d7a9a27b5cd6cdf","FinFisher","","Bahrain","https://citizenlab.ca/2012/07/from-bahrain-with-love-finfishers-spy-kit-exposed/"
"19b5f7e7a30692ffa7e24784bf618463","c29052dc6ee8257ec6c74618b6175abd6eb4400412c99ff34763ff6e20bab864","FinFisher","","Bahrain","https://citizenlab.ca/2012/07/from-bahrain-with-love-finfishers-spy-kit-exposed/"
"aa115b804743275f3ac476a4bbf6757a","c5b37bb3620d4e7635c261e5810d628fc50e4ab06b843d78105a12cfbbea40d7","FinFisher","","Bahrain","https://citizenlab.ca/2012/07/from-bahrain-with-love-finfishers-spy-kit-exposed/"
"d691b8a05bd45f952c3dbaecd1b8fa47","c5b39d98c85b21f8ac1bedd91f0b6510ea255411cf19c726545c1d0a23035914","FinFisher","","Bahrain","https://citizenlab.ca/2012/07/from-bahrain-with-love-finfishers-spy-kit-exposed/"
"ad6f72b851ebcf7bf7c8b1c551140c5f","cc3b65a0f559fa5e6bf4e60eef3bffe8d568a93dbb850f78bdd3560f38218b5c","FinFisher","","Bahrain","https://citizenlab.ca/2012/07/from-bahrain-with-love-finfishers-spy-kit-exposed/"
"d1216d3fd238cd87d9a7e433b6892b98","e48bfeab2aca1741e6da62f8b8fc9e39078db574881691a464effe797222e632","FinFisher","","Bahrain","https://citizenlab.ca/2012/07/from-bahrain-with-love-finfishers-spy-kit-exposed/"
"4bd06656456db81a362426236c22a7bc","f846301e7f190ee3bb2d3821971cc2456617edc2060b07729415c45633a5a751","FinFisher","","Bahrain","https://citizenlab.ca/2012/07/from-bahrain-with-love-finfishers-spy-kit-exposed/"
"0f8249a2593f38c6bf54b6f366c0cac6","62bde3bac3782d36f9f2e56db097a4672e70463e11971fad5de060b191efb196","FinFisher","","Bahrain","https://blog.rapid7.com/2012/08/08/finfisher/"
"cf7b2e1485771967ece90d32f3076814","5df045e12021741b4ab304e5b14a1292c6038ab48124d6025502c2010551c0d2","FinFisher","","Bahrain","https://blog.rapid7.com/2012/08/08/finfisher/"
"f59087bfa5a0211aa75c4be2af9dee10","0d798ca0b2d0ea9bad251125973d8800ad3043e51d4cc6d0d57b971a97d3af2d","FinFisher","","","https://citizenlab.ca/2012/08/the-smartphone-who-loved-me-finfisher-goes-mobile/"
"75916bd63c15b6f5abece4c726aabacf","2e96e343ac10f5d9ace680e456c083e4eceb108f7209aa1e849f11a239e7a682","FinFisher","","","https://citizenlab.ca/2012/08/the-smartphone-who-loved-me-finfisher-goes-mobile/"
"08cffa8f55be4bbed2704395876b618f","72a522d0d3dcd0dc026b02ab9535e87a9f5664bc5587fd33bb4a48094bce0537","FinFisher","","","https://citizenlab.ca/2012/08/the-smartphone-who-loved-me-finfisher-goes-mobile/"
"cd0bdd6c25331155d16c58d6abcd4d55","1e7e53b0d5fabcf12cd1bed4bd9ac561a3f4f6f8a8ddc5d1f3d2f3e2e9da0116","FinFisher","","","https://citizenlab.ca/2012/08/the-smartphone-who-loved-me-finfisher-goes-mobile/"
"318e500963f4081a871ff16e42a1ff64","eee80733f9664384d6bac4d4e27304748af9ee158d3c2987af5879ef83a59da0","FinFisher","","","https://citizenlab.ca/2012/08/the-smartphone-who-loved-me-finfisher-goes-mobile/"
"bef8d866b75c986b4607c54135648b51","2ccbfed8f05e6b50bc739c86ce4789030c6bc9e09c88b7c9d41cbcbde52a2455","FinFisher","","","https://citizenlab.ca/2012/08/the-smartphone-who-loved-me-finfisher-goes-mobile/"
"fb9d95dd014fb34a9d42a7e8f726b86c","507e6397e1f500497541b6958c483f8e8b88190407b307e997a4decd5eb0cd3a","FinFisher","","","https://citizenlab.ca/2012/08/the-smartphone-who-loved-me-finfisher-goes-mobile/"
"e7def695c38e852e5ce2182cdd97cf32","1ff1867c1a55cf6247f1fb7f83277172c443442d174f0610a2dc062c3a873778","FinFisher","","","https://citizenlab.ca/2012/08/the-smartphone-who-loved-me-finfisher-goes-mobile/"
"ae8d4770ef02373d7680f160e01e8668","c93074c0e60d0f9d33056fd6439205610857aa3cf54c1c20a48333b4367268ca","HackingTeam","","Morocco","https://citizenlab.ca/2012/10/backdoors-are-forever-hacking-team-and-the-targeting-of-dissent/"
"6f055150861d8d6e145e9aca65f92822","10fa7fa952dfc933b96d92ccd254a7655840250a787a1b4d9889bf2f70153791","HackingTeam","","Morocco","https://citizenlab.ca/2012/10/backdoors-are-forever-hacking-team-and-the-targeting-of-dissent/"
"ba170664095b53d97690b5be208927e2","53cd1d6a1cc64d4e8275a22216492b76db186cfb38cec6e7b3cfb7a87ccb3524","HackingTeam","","Morocco","https://citizenlab.ca/2012/10/backdoors-are-forever-hacking-team-and-the-targeting-of-dissent/"
"f004e38040e3e00c6c83a315caa2bdcf","c093b72cc249c07725ec3c2eeb1842fe56c8a27358f03778bf5464ebeddbd43c","HackingTeam","","Morocco","https://citizenlab.ca/2012/10/backdoors-are-forever-hacking-team-and-the-targeting-of-dissent/"
"b605e595dec9c51f0c65af025b175233","1df1bd11154224bcf015db8980a3c490b1584f49d4a34dde19c19bc0662ebda2","HackingTeam","","UAE","https://citizenlab.ca/2012/10/backdoors-are-forever-hacking-team-and-the-targeting-of-dissent/"
"1738f7ac746a720f8589421840aa3aa6","277cae7c249cb22ae43a605fbe901a0dc03f11e006b02d53426a6d11ad241a74","HackingTeam","","UAE","https://citizenlab.ca/2012/10/backdoors-are-forever-hacking-team-and-the-targeting-of-dissent/"
"0436754886be3b06d0765fc096bfcb62","81e9647a3371568cddd0a4db597de8423179773d910d9a7b3d945cb2c3b7e1c2","HackingTeam","","UAE","https://citizenlab.ca/2012/10/backdoors-are-forever-hacking-team-and-the-targeting-of-dissent/"
"","b5462a2be69d268a7d581fe9ee36e8f31d5e1362d01626e275e8f58029e15683","HackingTeam","","UAE","https://citizenlab.ca/2012/10/backdoors-are-forever-hacking-team-and-the-targeting-of-dissent/"
"370620e853f1e42d806ad9bfd88d93c1","cd1fe50dbde70fb2f20d90b27a4cfe5676fa0e566a4ac14dc8dfd5c232b93933","HackingTeam","","UAE","https://citizenlab.ca/2012/10/backdoors-are-forever-hacking-team-and-the-targeting-of-dissent/"
"02c2ee77cf5aaf8ac03739640c46e822","da18a90611ca33ddbc8ea7be63d7251580af54f3837d1bdab48d69976d508848","DarkComet","","Syria","https://www.eff.org/deeplinks/2012/12/iinternet-back-in-syria-so-is-malware"
"ed86876db98db35d8c205f8c0b92b0a4","5a0adcd5f5dca1701596a47a662f1a34e1b3cba7b9a53098a50ee92ec8075ee0","DarkComet","","Syria","https://www.eff.org/deeplinks/2012/12/iinternet-back-in-syria-so-is-malware"
"c04b3896d36ca975cda8c8446ed33c0d","bfadf79b639716ee6c3858d0b298c35dcc7fd7d472cdc512a7dc8009321df737","SpyNet","","UAE","https://bahrainwatch.org/blog/2013/01/15/hacked-website-java-vulnerability-used-to-target-uae-activist-with-spyware/"
"e5dc7ecfc5578d51ba92ff710b05ae09","d0cd80cb28f52cab3ec61bf89f98f4601a27074d98c4828736898a287acacb74","SpyNet","","UAE","https://bahrainwatch.org/blog/2013/01/15/hacked-website-java-vulnerability-used-to-target-uae-activist-with-spyware/"
"573ef0b7ff1dab2c3f785ee46c51a54f","363172a2f2b228c7b00b614178e4ffa00a3a124200ceef4e6d7edb25a4696345","FinFisher","","Vietnam","https://citizenlab.ca/2013/03/you-only-click-twice-finfishers-global-proliferation-2/"
"8ae2febe04102450fdbc26a38037c82b","eff6f0bcdb02a9a1c10da14a0844ed6ec6a68c13c04b4c122afc559d606762fa","FinFisher","","Ethiopia","https://citizenlab.ca/2013/03/you-only-click-twice-finfishers-global-proliferation-2/"
"0f8249a2593f38c6bf54b6f366c0cac6","62bde3bac3782d36f9f2e56db097a4672e70463e11971fad5de060b191efb196","FinFisher","","Ethiopia","https://citizenlab.ca/2013/03/you-only-click-twice-finfishers-global-proliferation-2/"
"a247e3b4aec036fdbd4d60c165a18c6b","ba21e452ee5ff3478f21b293a134b30ebf6b7f4ec03f8c8153202a740d7978b2","FinFisher","","Ethiopia","https://citizenlab.ca/2013/03/you-only-click-twice-finfishers-global-proliferation-2/"
"f9fabd1637d190e0e0a5c117c71921fc","6acd92d0dfe3e298d73b78a3dcc6d52ff4f85a70a9f2d0dcfe7ae4af2dd685cc","Kitmos","","Angola","https://www.f-secure.com/weblog/archives/00002554.html"
"21aa9dd44738d5bf9d8a8ecf53c3108c","bf8540491b204edf944d0e8aaa3f89ce657e523dafddc589570aa9575f9bca8f","Surtr","","Tibet","https://citizenlab.ca/2013/08/surtr-malware-family-targeting-the-tibetan-community/"
"44758b9a7a6cafd1b8d1bd4c773a2577","0282fcab056b782b9f66d0a2342c9f698b4853a5f3beb2850ca101f93b2f8bd2","Surtr","","Tibet","https://citizenlab.ca/2013/08/surtr-malware-family-targeting-the-tibetan-community/"
"58ff38412ebbedb611a3afe4b3dbd8b0","62bffb13d0f3e9fb82bdc50c359444c28dad61b72b7cf0bb769071192fcfd547","Surtr","","Tibet","https://citizenlab.ca/2013/08/surtr-malware-family-targeting-the-tibetan-community/"
"7fbdd7cb8b46291e944fcecd5f97d135","58f4bc20a1c21e6bd6c9f9738f346eb138f92d28dfeb1429b87e794fead9dc38","Surtr","","Tibet","https://citizenlab.ca/2013/08/surtr-malware-family-targeting-the-tibetan-community/"
"81bc8974967e1c911b107a9a91e3178b","e1dd3a9b1de63ee95511922aa2437a34d844621ceb3eb80e5d0c3d91c8a45743","Surtr","","Tibet","https://citizenlab.ca/2013/08/surtr-malware-family-targeting-the-tibetan-community/"
"ad9e5f79585eb62bc40b737e98bfd62e","9c74ac6922e887b586bed1c8d1993c1be152d720731bbfcb6cc0eefaadd5215b","Surtr","","Tibet","https://citizenlab.ca/2013/08/surtr-malware-family-targeting-the-tibetan-community/"
"8c06aec37c7e51f581aaa41f66d4ebad","240cc911820690373851423dece631049c969c1b59f99b9e888f2e890e345825","Surtr","","Tibet","https://citizenlab.ca/2013/08/surtr-malware-family-targeting-the-tibetan-community/"
"c269b3cf3d336a40c2fd7c2111b52982","","Surtr","","Tibet","https://citizenlab.ca/2013/08/surtr-malware-family-targeting-the-tibetan-community/"
"e7e1c69496ad7cf093945d3380a2c6f4","062e98b26bdaf0ba47fa0bd1d7185b1f5081343999d22a35a36d74ec90c57e5c","Surtr","","Tibet","https://citizenlab.ca/2013/08/surtr-malware-family-targeting-the-tibetan-community/"
"","2fa7ad4736e2bb1d50cbaec625c776cdb6fce0b8eb66035df32764d5a2a18013","","","Vietnam","https://www.eff.org/deeplinks/2014/01/vietnamese-malware-gets-personal"
"af170750a8228c9e5f21bfc35fc67721","351813270729b78fb2fe33be9c57fcd6f3828576171c7f404ed53af77cd91206","","","Vietnam","https://www.eff.org/deeplinks/2014/01/vietnamese-malware-gets-personal"
"616d32151c907fdd4e718bde2163cc40","82f0db740c1a08c9d63c3bb13ddaf72c5183e9a141d3fbd1ffb9446ce5467113","","","Vietnam","https://www.eff.org/deeplinks/2014/01/vietnamese-malware-gets-personal"
"1a60715c51da0caa8a5ebff6fdc9d472","9c07d491e4ddcba98c79556c4cf31d9205a5f55445c1c2da563e80940d949356","","","Vietnam","https://www.eff.org/deeplinks/2014/01/vietnamese-malware-gets-personal"
"6e667d6c9e527ada1a3284aa333d954d","dd100552f256426ce116c0b1155bcf45902d260d12ae080782cdc7b8f824f6e1","","","Vietnam","https://www.eff.org/deeplinks/2014/01/vietnamese-malware-gets-personal"
"53a9e1b59ff37cc2aeff0391cc546201","4a53db7b98aa000aeaa72d6a44004ef9ed3b6c09dd04a3e6015b62d741de3437","HackingTeam","","Ethiopia","https://citizenlab.ca/2014/02/hacking-team-targeting-ethiopian-journalists/"
"8df850088e2324d5c89615be32bd8a35","5bde4288c11f0701b54398ffeeddb4d6882d91b3e34bf76b1e250b8fc46be11d","HackingTeam","","Ethiopia","https://citizenlab.ca/2014/02/hacking-team-targeting-ethiopian-journalists/"
"015c238d56b8657c0946ec45b131362a","bc68c8d86f2522fb4c58c6f482c5cacb284e5ef803d41a63142677855934d969","HackingTeam","","Ethiopia","https://citizenlab.ca/2014/02/hacking-team-targeting-ethiopian-journalists/"
"daa5912d4ca0e4a143378947ef329374","8f9a6ae6aa56e12596d02c864998b4373a96d3f788195db3601b6e3ec54a99fb","HackingTeam","","Ethiopia","https://citizenlab.ca/2014/02/hacking-team-targeting-ethiopian-journalists/"
"c5cfa1afd5d3148a0d33fc1940ea1a37","d30bc31d6ad75de20aa3a45d338298030dc9136ba94aee93b4843e279fa3d59c","HackingTeam","","Ethiopia","https://citizenlab.ca/2014/02/hacking-team-targeting-ethiopian-journalists/"
"c17e788e28d47891f94c64739ee7fffb","9577aabf5e31af1409e2abe8c29ac918d7f8784dec75b4088a60fce6a45e9fc7","HackingTeam","","Ethiopia","https://citizenlab.ca/2014/02/hacking-team-targeting-ethiopian-journalists/"
"5da6a1d46641044b782d5c169ccb8fbf","1f9db646053a7bc6be1c8e8ef669079c9e9010306fa537ed555de2387952aa23","HackingTeam","","","https://citizenlab.ca/2014/02/mapping-hacking-teams-untraceable-spyware/"
"8d70043395a2d0e87096c67e0d68f931","519939a48ba9dbcc05abfeb4e7fbf9f9dda8c13b567ee6858decaadd09730770","HackingTeam","","","https://citizenlab.ca/2014/02/mapping-hacking-teams-untraceable-spyware/"
"","8dbaa77c4db80da6b110e770851932c65c322153fd9edc1df23bd2312584bd94","HackingTeam","","UAE","https://citizenlab.ca/2014/02/mapping-hacking-teams-untraceable-spyware/"
"2192f9b0209b7e7aa6d32a075e53126d","c026ebfa3a191d4f27ee72f34fa0d97656113be368369f605e7845a30bc19f6a","HackingTeam","","","https://citizenlab.ca/2014/02/mapping-hacking-teams-untraceable-spyware/"
"98e350a8a6c443c72fa6db1fbc0b79ad","c166aff46cadce2db642047cdca65234c32c6634d9ed822eeeb2a911178d6cc3","HackingTeam","","UAE","https://citizenlab.ca/2014/02/mapping-hacking-teams-untraceable-spyware/"
"28bf01f67db4a5e8e6174b066775eae0","1182ffd81b4ee9bed90ca490ca5bb258e19cce68175d1a69f054030db1075df6","njRAT","","Syria","https://citizenlab.ca/2014/03/maliciously-repackaged-psiphon/"
"81287134d7aa541beae4b000d4ab3f19","b34bf5f26709208e07e2ca52794aff5e94435c60c6e50f03ec64423046e92d0e","njRAT","","Syria","https://citizenlab.ca/2014/03/maliciously-repackaged-psiphon/"
"e1f2b15ec9f9a282065c931ec32a44b0","af1d7c7b1462f5edcd52be32ae047ed87fe2c4bdbcb663b092c48e75daa4151e","njRAT","","Syria","https://citizenlab.ca/2014/03/maliciously-repackaged-psiphon/"
"1823b77b9ee6296a8b997ffb64d32d21","d810bbee7e5341b637680070f2583a202058932049390bc6f1d4cf683f9098cf","Stealer","Flying Kitten","Iran","https://www.fireeye.com/blog/threat-research/2014/05/operation-saffron-rose.html"
"1d4d9f6e6fa1a07cb0a66a9ee06d624a","","Stealer","Flying Kitten","Iran","https://www.fireeye.com/blog/threat-research/2014/05/operation-saffron-rose.html"
"288c91d6c0197e99b92c06496921bf2f","","Stealer","Flying Kitten","Iran","https://www.fireeye.com/blog/threat-research/2014/05/operation-saffron-rose.html"
"3d26442f06b34df3d5921f89bf680ee9","e5ee2be5a35be865befc18ff8c31ab31600a3ab795e351774453030b7cddfcc3","Stealer","Flying Kitten","Iran","https://www.fireeye.com/blog/threat-research/2014/05/operation-saffron-rose.html"
"3efd971db6fbae08e96535478888cff9","e0254ebe8d2dc9e298ac86a13006c2a19fcfacd0f00ea66ce1078f23e5681fb0","Stealer","Flying Kitten","Iran","https://www.fireeye.com/blog/threat-research/2014/05/operation-saffron-rose.html"
"6dc7cc33a3cdcfee6c4edb6c085b869d","3b90249d82a310715f411375354fcd068d3947bfb9477e93d3bcc653f09be44c","Stealer","Flying Kitten","Iran","https://www.fireeye.com/blog/threat-research/2014/05/operation-saffron-rose.html"
"15e5143e1c843b4836d7b6d5424fb4a5","fe1df17ab903979223e5eb514ffe24f72d540ad26f959201133f30a1346870df","Code4HK","","Hong Kong","https://malware.lu/articles/2014/09/29/analysis-of-code4hk.html"
"b9484ae3403c974db0f721b01bd6c302","0e83ce90626977ccbc02d323da4b13635be42c7f0449c9373f81fd1e9cd68033","Code4HK","","Hong Kong","https://malware.lu/articles/2014/09/29/analysis-of-code4hk.html"
"1befa2c2d1bfc8e87d52871c868f75fe","d9f5eae99a2c597b07d46daf7ef96aaacb29c9a8703404c7145caa8cb7dba2ec","PlugX","","Hong Kong","https://www.volexity.com/blog/2014/10/09/democracy-in-hong-kong-under-attack/"
"a482a84d13c76b950ce5bc7e75f4edef","423573c3ccdb46553eda81e1abab24aed4640bff8d9ebfb63eb7c67ecad74729","PlugX","","Hong Kong","https://www.volexity.com/blog/2014/10/09/democracy-in-hong-kong-under-attack/"
"b3a9e6548fb3cc511096af4d68b2e745","","PlugX","","Hong Kong","https://www.volexity.com/blog/2014/10/09/democracy-in-hong-kong-under-attack/"
"91961aad912dc790943a1cb23b6e8297","b2683b3a214cda3f741fe5ff0850e69420d94174852a194ce9fc5f0db05c1633","HackingTeam","","Ethiopia","https://citizenlab.ca/2015/03/hacking-team-reloaded-us-based-ethiopian-journalists-targeted-spyware/"
"f6a793a177447e3cab4108a707db65cd","5509462906e832350ea48f37e2e399669214c90b18023c94949036b254f7a681","HackingTeam","","Ethiopia","https://citizenlab.ca/2015/03/hacking-team-reloaded-us-based-ethiopian-journalists-targeted-spyware/"
"b25cc45c37c3cca6b0b45717227fd296","e5cc130dbea95c78cf88807852fad7dcca3a1d6bd7ec86488b6157ba3451a0c9","HackingTeam","","Ethiopia","https://citizenlab.ca/2015/03/hacking-team-reloaded-us-based-ethiopian-journalists-targeted-spyware/"
"a0dc951ab80c117711ab7170c0bd27ed","299f1f25c268d814a85b37fb36e83b891b094baee95c8b739c04b5c134db84c8","HackingTeam","","Ethiopia","https://citizenlab.ca/2015/03/hacking-team-reloaded-us-based-ethiopian-journalists-targeted-spyware/"
"4faeaed1065815e40bc7c4d9b943f439","47f9a2daa161eeb0f7c88af92d3b346ee140ffbb0c310d0e6fbc7c91d42faace","HackingTeam","","Ethiopia","https://citizenlab.ca/2015/03/hacking-team-reloaded-us-based-ethiopian-journalists-targeted-spyware/"
"3a7ef9a8c216bcdbbfecef934196d9c1","af6137a1fe785cc865ea5ba2310cb81b4c6996f224dda2425d0c5b6995983e3d","HackingTeam","","Ethiopia","https://citizenlab.ca/2015/03/hacking-team-reloaded-us-based-ethiopian-journalists-targeted-spyware/"
"b7f54924450ae0675ce67c5edad1f243","84f87c6d85211fe7c7f7fb1321e7f4db917bc6a7f2e51b7a8357fb4351b5a58d","HackingTeam","","Ethiopia","https://citizenlab.ca/2015/03/hacking-team-reloaded-us-based-ethiopian-journalists-targeted-spyware/"
"8346b50c3954b5c25bf13fcd281eb11a","de7058700f06c5310c26944b28203bc82035f9ff74021649db39a24470517fd1","MsAttacker","","Tibet","https://citizenlab.ca/2015/03/tibetan-uprising-day-malware-attacks/"
"6fc909a57650daff9a8b9264f38444a7","a264cec4096a04c47013d41dcddab9f99482f8f83d61e13be4bcf4614f79b7a0","MsAttacker","","Tibet","https://citizenlab.ca/2015/03/tibetan-uprising-day-malware-attacks/"
"69a0f490de6ae9fdde0ad9cc35305a7d","3de8fb09d79166f10f4a10aef1202c2cb45849943f224dc6c61df8d18435e064","MsAttacker","","Tibet","https://citizenlab.ca/2015/03/tibetan-uprising-day-malware-attacks/"
"2782c233ddde25040fb1febf9b13611e","50aebd2a1e3b8917d6c2b5e88c2e2999b2368fca550c548d0836aa57e35c463f","MsAttacker","","Tibet","https://citizenlab.ca/2015/03/tibetan-uprising-day-malware-attacks/"
"72707089512762fce576e29a0472eb16","ddfa44ebb181282e815e965a1c531c7e145128aa7306b508a563e10d5f9f03fb","ShadowNet","","Tibet","https://citizenlab.ca/2015/03/tibetan-uprising-day-malware-attacks/"
"d8ae44cd65f97654f066edbcb501d999","e8f36317e29206d48bd0e6dd6570872122be44f82ca1de01aef373b3cdb2c0e1","ShadowNet","","Tibet","https://citizenlab.ca/2015/03/tibetan-uprising-day-malware-attacks/"
"18bb1ce405e4abac4b0fc63054beac6c","c895d68a40b9a61dce6758f537a08a289dd4a392202e2d4e7635efb063d58d16","PlugX","","Tibet","https://citizenlab.ca/2015/06/targeted-attacks-against-tibetan-and-hong-kong-groups-exploiting-cve-2014-4114/"
"9459478ab9a9b996de683789f77b185c","583c8920445feaf0a963fbd3ad8ad24fd9143941e4046cf376cfe08cb9137613","","","Tibet","https://citizenlab.ca/2015/06/targeted-attacks-against-tibetan-and-hong-kong-groups-exploiting-cve-2014-4114/"
"8432c77b12343d59d991b0d0e0c12f7d","cbb1d6b3c76c77ce1c3397cd607a7642fcb703201b82e07704e7074061d86ea3","","","Tibet","https://citizenlab.ca/2015/06/targeted-attacks-against-tibetan-and-hong-kong-groups-exploiting-cve-2014-4114/"
"db5a9c790e909629aaf7079b6996861f","3856f54768db8490486a21bb383d7de6e9aa2ff79858467986ef9ee27a89afe2","","","Tibet","https://citizenlab.ca/2015/06/targeted-attacks-against-tibetan-and-hong-kong-groups-exploiting-cve-2014-4114/"
"d7832e76ee2c5c48ae428e57599b589e","","","","Tibet","https://citizenlab.ca/2015/06/targeted-attacks-against-tibetan-and-hong-kong-groups-exploiting-cve-2014-4114/"
"a990071b60046863c98bcf462fede77a","","","","Tibet","https://citizenlab.ca/2015/06/targeted-attacks-against-tibetan-and-hong-kong-groups-exploiting-cve-2014-4114/"
"2a544922d3ece4351c1af4ca63c24550","ab118ff89762b8bd32f8bcb754bec06004604380b20349255bc637a197fa5f2d","Plugx","","Tibet","https://citizenlab.ca/2015/06/targeted-attacks-against-tibetan-and-hong-kong-groups-exploiting-cve-2014-4114/"
"5730866b34ef589bd398c9a9b6d7e307","509155aac4177a73f0338d12b0810a89999425b6f3dc19c9dc7d40d320a9d438","","","Tibet","https://citizenlab.ca/2015/06/targeted-attacks-against-tibetan-and-hong-kong-groups-exploiting-cve-2014-4114/"
"d839691657ca814be13d5c9c6511d6b2","5ff2bc7267759bde3c02e4c19b8c3144c43c4f7fc2c21f2d4f881ca0b821e00b","","","Tibet","https://citizenlab.ca/2015/06/targeted-attacks-against-tibetan-and-hong-kong-groups-exploiting-cve-2014-4114/"
"03c900a1b115e759b32e4172dec52aa2","","","","Tibet","https://citizenlab.ca/2015/06/targeted-attacks-against-tibetan-and-hong-kong-groups-exploiting-cve-2014-4114/"
"705147c509206151c22515ef568bac51","","PlugX","","Hong Kong","https://citizenlab.ca/2015/06/targeted-attacks-against-tibetan-and-hong-kong-groups-exploiting-cve-2014-4114/"
"9459478ab9a9b996de683789f77b185c","583c8920445feaf0a963fbd3ad8ad24fd9143941e4046cf376cfe08cb9137613","","","Hong Kong","https://citizenlab.ca/2015/06/targeted-attacks-against-tibetan-and-hong-kong-groups-exploiting-cve-2014-4114/"
"8432c77b12343d59d991b0d0e0c12f7d","cbb1d6b3c76c77ce1c3397cd607a7642fcb703201b82e07704e7074061d86ea3","","","Hong Kong","https://citizenlab.ca/2015/06/targeted-attacks-against-tibetan-and-hong-kong-groups-exploiting-cve-2014-4114/"
"db5a9c790e909629aaf7079b6996861f","3856f54768db8490486a21bb383d7de6e9aa2ff79858467986ef9ee27a89afe2","","","Hong Kong","https://citizenlab.ca/2015/06/targeted-attacks-against-tibetan-and-hong-kong-groups-exploiting-cve-2014-4114/"
"8a18a13910838d08e38db80a08e15bd5","45a4a937dd727dad29d46bceeb460bf24fd9f6df44f10692508fbd6ed2b7dfbd","Wofeksad","","Hong Kong","https://citizenlab.ca/2015/06/targeted-attacks-against-tibetan-and-hong-kong-groups-exploiting-cve-2014-4114/"
"f90c7f8f14d9b5c1898035002401a006","","","","Hong Kong","https://citizenlab.ca/2015/06/targeted-attacks-against-tibetan-and-hong-kong-groups-exploiting-cve-2014-4114/"
"4a23a1d6779d199aaa582cf0a5868ad1","0776cc9d22730006c5a818afe78f78e578107eccc5322424f49e2d4fff3efec4","Adwind","Packrat","Argentine","https://theintercept.com/2015/08/21/inside-the-spyware-campaign-against-argentine-troublemakers-including-alberto-nisman/"
"8fb96dfab7e4c0acb1eb9f4e950ba4b9","aa9aa05af8df2cc99eb936e2d17623a68abdbb60606bb097379457c4a3760116","Adwind","Packrat","Argentine","https://theintercept.com/2015/08/21/inside-the-spyware-campaign-against-argentine-troublemakers-including-alberto-nisman/"
"0ae0038ffe8cf5c3170734a71ff2213d","c0664ca05a351388c903d7e989257fe244b25098bf74394a9325f4b0a7c5472b","Adwind","Packrat","Argentine","https://theintercept.com/2015/08/21/inside-the-spyware-campaign-against-argentine-troublemakers-including-alberto-nisman/"
"2de51e74fd571319bbf763ec62781096","ca5481e56de4b78348c008c36803fc044baea9ea5a5ea8534b3e88ce35f0958a","Adwind","Packrat","Argentine","https://theintercept.com/2015/08/21/inside-the-spyware-campaign-against-argentine-troublemakers-including-alberto-nisman/"
"0c345969a5974e8b1ec6a5e23b2cf777","3f2d8744205b59f7bee5a8f13e6a15201f04663ce2c6f33b1684968778e44349","","Pawn Storm","","https://www.eff.org/deeplinks/2015/08/new-spear-phishing-campaign-pretends-be-eff"
"25833224c2cb8050b90786d45f29160c","0d4b7577ce77b9ca0f92658e43ee78a52b8dd339cd4607cca9fa3a92841a9509","","Pawn Storm","","https://www.eff.org/deeplinks/2015/08/new-spear-phishing-campaign-pretends-be-eff"
"15c926d2602f65be0de65fa9c06aa6c6","2cc4090638a28cde73e18e973e1f2b2ec24d3fa4ea1326dc0d715d5fef8b4a79","PlugX","","Burma","https://citizenlab.ca/2015/10/targeted-attacks-ngo-burma/"
"49ceba3347d39870f15f2ab0391af234","","PlugX","","Burma","https://citizenlab.ca/2015/10/targeted-attacks-ngo-burma/"
"53f81415ccedf453d6e3ebcdc142b966","","PlugX","","Burma","https://citizenlab.ca/2015/10/targeted-attacks-ngo-burma/"
"56f0e67d981024ddcc215543698f44fb","30995fe31f48d253ed864ce8f155222c251e7b5c7841597d1478324794de11cf","PlugX","","Burma","https://citizenlab.ca/2015/10/targeted-attacks-ngo-burma/"
"5710d567d98a8f4a6682859ce3a35336","44f0ea8043a9498604a237dddd673d618d4a61eed9d3e42b6fbaa648f55aa5e6","PlugX","","Burma","https://citizenlab.ca/2015/10/targeted-attacks-ngo-burma/"
"6701662097e274f3cd089ceec35471d2","","PlugX","","Burma","https://citizenlab.ca/2015/10/targeted-attacks-ngo-burma/"
"699b3d90b050cae37f65c855ec7f616a","","PlugX","","Burma","https://citizenlab.ca/2015/10/targeted-attacks-ngo-burma/"
"7e0081fba718fcd71753d3199a290f03","d71138f169907f6c87a36f2dfe2d0696e74e59b39c717c6d58ca43942caf049f","PlugX","","Burma","https://citizenlab.ca/2015/10/targeted-attacks-ngo-burma/"
"884d46c01c762ad6ddd2759fd921bf71","3124fcb79da0bdf9d0d1995e37b06f7929d83c1c4b60e38c104743be71170efe","PlugX","","Burma","https://citizenlab.ca/2015/10/targeted-attacks-ngo-burma/"
"c4c147bdfddffec2eea6bf99661e69ee","365eeb1d5d8282188e5bbfadfda184e612eef61c2398b7c18cad4c31ce7225d1","PlugX","","Burma","https://citizenlab.ca/2015/10/targeted-attacks-ngo-burma/"
"cec071424d417a095221bf8992819388","629be6411044e18501219cdc246f742d93851fa52168a1ba53f254744c1a865b","PlugX","","Burma","https://citizenlab.ca/2015/10/targeted-attacks-ngo-burma/"
"dd1101adc86fd282f5f183942cc2f3b7","","CyberGate","Packrat","Latin America","https://citizenlab.ca/2015/12/packrat-report/"
"2d722592a4e3c8030410dccccb221ce4","","CyberGate","Packrat","Latin America","https://citizenlab.ca/2015/12/packrat-report/"
"d2adecc6287dd4d559fe6ce2ce7a7e31","","Cybergate","Packrat","Latin America","https://citizenlab.ca/2015/12/packrat-report/"
"93b630891db21a4a2350280a360c713d","","CyberGate","Packrat","Latin America","https://citizenlab.ca/2015/12/packrat-report/"
"a73351623577f44a2b578fed1e78e37e","","CyberGate","Packrat","Latin America","https://citizenlab.ca/2015/12/packrat-report/"
"5a8975873f52436377d8fb0b5ab0d87a","","CyberGate","Packrat","Latin America","https://citizenlab.ca/2015/12/packrat-report/"
"ed8d7ed45b64890b8901b735018318f3","","CyberGate","Packrat","Latin America","https://citizenlab.ca/2015/12/packrat-report/"
"c2237e9d415f542ce6e73adb260af123","","Xtreme RAT","Packrat","Latin America","https://citizenlab.ca/2015/12/packrat-report/"
"2827450763b55c5e71fda3caaf8e75f9","","Xtreme RAT","Packrat","Latin America","https://citizenlab.ca/2015/12/packrat-report/"
"bc97437fec7e7e8634c2eabae3cc4832","","CyberGate","Packrat","Latin America","https://citizenlab.ca/2015/12/packrat-report/"
"d7f34168b1a7dd7cbd8e62a5ab1ebc0e","","Xtreme RAT","Packrat","Latin America","https://citizenlab.ca/2015/12/packrat-report/"
"6c34d4296126679d9c6a0bc2660dc453","","CyberGate","Packrat","Latin America","https://citizenlab.ca/2015/12/packrat-report/"
"efc0009d76a2057f86c5f00030378c72","","AlienSpy","Packrat","Latin America","https://citizenlab.ca/2015/12/packrat-report/"
"74613eae84347183b4ca61b912a4573f","","AlienSpy","Packrat","Latin America","https://citizenlab.ca/2015/12/packrat-report/"
"d2f151312f7dee2483ddcab9766b56db","","AlienSpy","Packrat","Latin America","https://citizenlab.ca/2015/12/packrat-report/"
"ea7bcf58a4ccdecb0c64e56b9998a4ac","","Adzok","Packrat","Latin America","https://citizenlab.ca/2015/12/packrat-report/"
"1e4265a0c37773c2372b97bb6630ae57","","Adzok","Packrat","Latin America","https://citizenlab.ca/2015/12/packrat-report/"
"08a3bb5b220eb1e0dc2ecccbbc6859f5","","Adzok","Packrat","Latin America","https://citizenlab.ca/2015/12/packrat-report/"
"2de51e74fd571319bbf763ec62781096","","AlienSpy","Packrat","Latin America","https://citizenlab.ca/2015/12/packrat-report/"
"8fb96dfab7e4c0acb1eb9f4e950ba4b9","","AlienSpy","Packrat","Latin America","https://citizenlab.ca/2015/12/packrat-report/"
"4a23a1d6779d199aaa582cf0a5868ad1","","Adzok","Packrat","Latin America","https://citizenlab.ca/2015/12/packrat-report/"
"0ae0038ffe8cf5c3170734a71ff2213d","","AlienSpy","Packrat","Latin America","https://citizenlab.ca/2015/12/packrat-report/"
"8e0f021dcbbfa586a1c6780e77ac0fb6","","CyberGate","Packrat","Latin America","https://citizenlab.ca/2015/12/packrat-report/"
"a74ef893b1bf21c9df6d8e31285db981","","CyberGate","Packrat","Latin America","https://citizenlab.ca/2015/12/packrat-report/"
"a988235ad7d47acbeca5ccb4ea5a1ed5","","CyberGate","Packrat","Latin America","https://citizenlab.ca/2015/12/packrat-report/"
"15ebe16cd9500de534d5bfd5eeceaf73","","CyberGate","Packrat","Latin America","https://citizenlab.ca/2015/12/packrat-report/"
"01dec1b1d0760d5a1a562edcfeb478d1","","CyberGate","Packrat","Latin America","https://citizenlab.ca/2015/12/packrat-report/"
"1e6d0b59d4fb7650453c207688385f3a","","CyberGate","Packrat","Latin America","https://citizenlab.ca/2015/12/packrat-report/"
"e03be1849ad7cecba1e20923074cd22f","","CyberGate","Packrat","Latin America","https://citizenlab.ca/2015/12/packrat-report/"
"779a79c11f581b84e7c81f321fd8d743","","CyberGate","Packrat","Latin America","https://citizenlab.ca/2015/12/packrat-report/"
"13d939b2412c6adbab3cc1b539166671","","CyberGate","Packrat","Latin America","https://citizenlab.ca/2015/12/packrat-report/"
"7b2cb5249d704cb1df8d4210e7c3d553","","CyberGate","Packrat","Latin America","https://citizenlab.ca/2015/12/packrat-report/"
"a09f100ddc7cf29f8a93a3d7a79c58b9","","CyberGate","Packrat","Latin America","https://citizenlab.ca/2015/12/packrat-report/"
"ce6065346a918a813eeb58bbb0814a23","","CyberGate","Packrat","Latin America","https://citizenlab.ca/2015/12/packrat-report/"
"ea50bf8abcf9c0c40c4490dc15fb0a2a","","CyberGate","Packrat","Latin America","https://citizenlab.ca/2015/12/packrat-report/"
"3a61d64986ee6529cee271ab6754faa5","","CyberGate","Packrat","Latin America","https://citizenlab.ca/2015/12/packrat-report/"
"695db7dd3b1daf89f2c56d59faecc088","","CyberGate","Packrat","Latin America","https://citizenlab.ca/2015/12/packrat-report/"
"1bf438b5744db73eea58379a3b9f30e5","","","Scarlet Mimic","Tibet","https://citizenlab.ca/2016/03/shifting-tactics/"
"3b869c8e23d66ad0527882fc79ff7237","","","Scarlet Mimic","Tibet","https://citizenlab.ca/2016/03/shifting-tactics/"
"5c030802ad411fea059cc9cc4c118125","","","Scarlet Mimic","Tibet","https://citizenlab.ca/2016/03/shifting-tactics/"
"7735e571d0450e2a31e97e4f8e0f66fa","","","Scarlet Mimic","Tibet","https://citizenlab.ca/2016/03/shifting-tactics/"
"8b83fc5d3a6a80281269f9e337fe3fff","","","Scarlet Mimic","Tibet","https://citizenlab.ca/2016/03/shifting-tactics/"
"d2e9412428c3bcf3ec98dba8a78adb7b","","","Scarlet Mimic","Tibet","https://citizenlab.ca/2016/03/shifting-tactics/"
"ea45265fe98b25e719d5a9cc3b412d66","","","Scarlet Mimic","Tibet","https://citizenlab.ca/2016/03/shifting-tactics/"
"fef27f432e0ae8218143bc410fda340e","","","Scarlet Mimic","Tibet","https://citizenlab.ca/2016/03/shifting-tactics/"
"d579d7a42ff140952da57264614c37bc","5b875ecf0b7f67a4429aeaa841eddf8e6b58771e16dbdb43ad6918aa7a5b582d","UP007","","Hong Kong","https://citizenlab.ca/2016/04/between-hong-kong-and-burma/"
"d8becbd6f188e3fb2c4d23a2d36d137b","ddc05b9f39f579f64742980980ca9820b83a243889bbc5baa37f5c2c1c4beb30","UP007","","Hong Kong","https://citizenlab.ca/2016/04/between-hong-kong-and-burma/"
"f70b295c6a5121b918682310ce0c2165","4849af113960f473749acf71d11d56854589cf21d623e66c7408bebd5ad0608f","UP007","","Hong Kong","https://citizenlab.ca/2016/04/between-hong-kong-and-burma/"
"f80edbb0fcfe7cec17592f61a06e4df2","2ac69633da711f244377483d99fac53089ec6614a61d8a1492a0e7228cbb8ffd","UP007","","Hong Kong","https://citizenlab.ca/2016/04/between-hong-kong-and-burma/"
"d8ede9e6c3a1a30398b0b98130ee3b38","5838582ea26312cc60b43da555189b439d3688597a705e3a52dc4d935517f69d","UP007","","Hong Kong","https://citizenlab.ca/2016/04/between-hong-kong-and-burma/"
"ce8ec932be16b69ffa06626b3b423395","","UP007","","Hong Kong","https://citizenlab.ca/2016/04/between-hong-kong-and-burma/"
"6a541de84074a2c4ff99eb43252d9030","","UP007","","Hong Kong","https://citizenlab.ca/2016/04/between-hong-kong-and-burma/"
"e0eb981ad6be0bd16246d5d442028687","","UP007","","Hong Kong","https://citizenlab.ca/2016/04/between-hong-kong-and-burma/"
"e5e7dcbda781dd0bf5f5da3cccdb094d","","SLServer","","Taiwan","https://citizenlab.ca/2016/04/between-hong-kong-and-burma/"
"d07b2738840ce3419df651d3a0a3a246","","SLServer","","Taiwan","https://citizenlab.ca/2016/04/between-hong-kong-and-burma/"
"397021af7c0284c28db65297a6711235","","SLServer","","Taiwan","https://citizenlab.ca/2016/04/between-hong-kong-and-burma/"
"dc195d814ec16fe91690b7e949e696f6","","SLServer","","Taiwan","https://citizenlab.ca/2016/04/between-hong-kong-and-burma/"
"cfcd2a90e87156e1a811f9c7b0051002","","SLServer","","Taiwan","https://citizenlab.ca/2016/04/between-hong-kong-and-burma/"
"","0191cb2a2624b532b2dffef6690824f7f32ea00730e5aef5d86c4bad6edf9ead","SPIVY","","Hong Kong","https://researchcenter.paloaltonetworks.com/2016/04/unit42-new-poison-ivy-rat-variant-targets-hong-kong-pro-democracy-activists/"
"","0414bd2186d9748d129f66ff16e2c15df41bf173dc8e3c9cbd450571c99b3403","SPIVY","","Hong Kong","https://researchcenter.paloaltonetworks.com/2016/04/unit42-new-poison-ivy-rat-variant-targets-hong-kong-pro-democracy-activists/"
"","13bdc52c2066e4b02bae5cc42bc9ec7dfcc1f19fbf35007aea93e9d62e3e3fd0","SPIVY","","Hong Kong","https://researchcenter.paloaltonetworks.com/2016/04/unit42-new-poison-ivy-rat-variant-targets-hong-kong-pro-democracy-activists/"
"","4d38d4ee5b625e09b61a253a52eb29fcf9c506ee9329b3a90a0b3911e59174f2","SPIVY","","Hong Kong","https://researchcenter.paloaltonetworks.com/2016/04/unit42-new-poison-ivy-rat-variant-targets-hong-kong-pro-democracy-activists/"
"","7a424ad3f3106b87e8e82c7125834d7d8af8730a2a97485a639928f66d5f6bf4","SPIVY","","Hong Kong","https://researchcenter.paloaltonetworks.com/2016/04/unit42-new-poison-ivy-rat-variant-targets-hong-kong-pro-democracy-activists/"
"","9c6dc1c2ea5b2370b58b0ac11fde8287cd49aee3e089dbdf589cc8d51c1f7a9e","SPIVY","","Hong Kong","https://researchcenter.paloaltonetworks.com/2016/04/unit42-new-poison-ivy-rat-variant-targets-hong-kong-pro-democracy-activists/"
"","c707716afde80a41ce6eb7d6d93da2ea5ce00aa9e36944c20657d062330e13d8","SPIVY","","Hong Kong","https://researchcenter.paloaltonetworks.com/2016/04/unit42-new-poison-ivy-rat-variant-targets-hong-kong-pro-democracy-activists/"
"80e8ef78b9e28015cde4205aaa65da97","5a372b45285fe6f3df3ba277ee2de55d4a30fc8ef05de729cf464103632db40f","","Stealth Falcon","UAE","https://citizenlab.ca/2016/05/stealth-falcon/"
"87e1df6f36b96b56186444e37e2a1ef5","4320204d577ef8b939115d16110e97ff04cb4f7d1e77ba5ce011d43f74abc7be","","Stealth Falcon","UAE","https://citizenlab.ca/2016/05/stealth-falcon/"
"","0491f4e55158d745fd1653950c89fcc9b37d3c1102680bd3ce67616a36bb2592","","Operation Manul","Kazakhstan","https://www.eff.org/files/2016/08/03/i-got-a-letter-from-the-government.pdf"
"","06529ac1d3388732ebca75b8ee0adf0bc7f45d4c448ec98223dd7a258a0f1f33","","Operation Manul","Kazakhstan","https://www.eff.org/files/2016/08/03/i-got-a-letter-from-the-government.pdf"
"","1192b5111f7c75417215a1285a20147f5ab085368fa95d74e7603d26736057ac","","Operation Manul","Kazakhstan","https://www.eff.org/files/2016/08/03/i-got-a-letter-from-the-government.pdf"
"","1e3966e77ad1cbf3e3ef76803fbf92300b2b88af39650a1208520e0cdc05645b","","Operation Manul","Kazakhstan","https://www.eff.org/files/2016/08/03/i-got-a-letter-from-the-government.pdf"
"","2431ff8ba00923a9c115a57e541d9d20e0a68b6cb1b48b87e7797864cf07dfab","","Operation Manul","Kazakhstan","https://www.eff.org/files/2016/08/03/i-got-a-letter-from-the-government.pdf"
"","345773dc4215c8c189d21536755614ca7b89082b96563239e363dd72c0cd8c68","","Operation Manul","Kazakhstan","https://www.eff.org/files/2016/08/03/i-got-a-letter-from-the-government.pdf"
"","373231f5be17e09e4ce94f76b35e5be57c961d6c8a9286b2e20e203d53b3c9dd","","Operation Manul","Kazakhstan","https://www.eff.org/files/2016/08/03/i-got-a-letter-from-the-government.pdf"
"","39802d53ae4a29c528626b0870872040dc5c994fb3b6b9e4a3b982144ad56e6c","","Operation Manul","Kazakhstan","https://www.eff.org/files/2016/08/03/i-got-a-letter-from-the-government.pdf"
"","40d30bc2db27e2a8a12cdeb5aae19f04064e5a1775bd3e6cf61a7070b797d3b3","","Operation Manul","Kazakhstan","https://www.eff.org/files/2016/08/03/i-got-a-letter-from-the-government.pdf"
"","40e9c694901aeb27993a8cd81f872076ee430e151f64af06993eb79442103ef8","","Operation Manul","Kazakhstan","https://www.eff.org/files/2016/08/03/i-got-a-letter-from-the-government.pdf"
"","4730c6033d8644c0aae46003bab3254e4beb62187573ffb5ba5bc95a28ddcd93","","Operation Manul","Kazakhstan","https://www.eff.org/files/2016/08/03/i-got-a-letter-from-the-government.pdf"
"","4f1923485e8cdd052467d335a6384f93cd1d50b5d927aea471e56290be29ffa3","","Operation Manul","Kazakhstan","https://www.eff.org/files/2016/08/03/i-got-a-letter-from-the-government.pdf"
"","576ca2b0c5fe1c756c245cb82d6a2ecce7f6976d5c3f3b338f686e06955032cb","","Operation Manul","Kazakhstan","https://www.eff.org/files/2016/08/03/i-got-a-letter-from-the-government.pdf"
"","5e322d208d61dcbf17914e24103710c52878e8cf50957f3d336736f4a1851951","","Operation Manul","Kazakhstan","https://www.eff.org/files/2016/08/03/i-got-a-letter-from-the-government.pdf"
"","652ec150db9a191942807ee5cf4772e75dfac562739477eacc6655fbec880ad7","","Operation Manul","Kazakhstan","https://www.eff.org/files/2016/08/03/i-got-a-letter-from-the-government.pdf"
"","65af112ce229ad888bf4bbba1e3dba701e0e68c9caf81543bb395a8b8192ba8e","","Operation Manul","Kazakhstan","https://www.eff.org/files/2016/08/03/i-got-a-letter-from-the-government.pdf"
"","6eea4a67305f67cc7c016256e93eb816de32b6e9ad700f75828be9f97c28c0e0","","Operation Manul","Kazakhstan","https://www.eff.org/files/2016/08/03/i-got-a-letter-from-the-government.pdf"
"","75ee00a36d324a89fc9ef4d7dbe606b885ec072388ef7b55d39112af7dbca665","","Operation Manul","Kazakhstan","https://www.eff.org/files/2016/08/03/i-got-a-letter-from-the-government.pdf"
"","75f51845de4d0deae8aaab737a71bb8aed14bfa4919712bcdea212f62b70c07f","","Operation Manul","Kazakhstan","https://www.eff.org/files/2016/08/03/i-got-a-letter-from-the-government.pdf"
"","778a01389b17a8ff20c445e0856b3704ac50844faa8d36c01e0ff02518e4c6d3","","Operation Manul","Kazakhstan","https://www.eff.org/files/2016/08/03/i-got-a-letter-from-the-government.pdf"
"","8c33b645e6362ab7e8c8a9989715193b4c9655fd576812218f3957c3fff8c429","","Operation Manul","Kazakhstan","https://www.eff.org/files/2016/08/03/i-got-a-letter-from-the-government.pdf"
"","8d054753e0ed754398835bed794ba4fae64a2efb018f98d3c61064de8aaa231d","","Operation Manul","Kazakhstan","https://www.eff.org/files/2016/08/03/i-got-a-letter-from-the-government.pdf"
"","91d251b11c59b5e25e0c1ae55421893fce8f180a97e2eef88122c61e8cdf1bae","","Operation Manul","Kazakhstan","https://www.eff.org/files/2016/08/03/i-got-a-letter-from-the-government.pdf"
"","926a0196e4a72ed6eb20b51953cc17e8856ea9c0ef554681b7d7f0ecad870a2e","","Operation Manul","Kazakhstan","https://www.eff.org/files/2016/08/03/i-got-a-letter-from-the-government.pdf"
"","99e699e358be9e59cfad6124f44a96d3d1577edf9767afe17281adb37d901e22","","Operation Manul","Kazakhstan","https://www.eff.org/files/2016/08/03/i-got-a-letter-from-the-government.pdf"
"","a91c2cad20935a85d6eed72ef663254396914811f043018732d29276424a9578","","Operation Manul","Kazakhstan","https://www.eff.org/files/2016/08/03/i-got-a-letter-from-the-government.pdf"
"","ade5bd96bfba79051f8e8ed8fe973edd89e5f1ec6469393967c3ad7519a95650","","Operation Manul","Kazakhstan","https://www.eff.org/files/2016/08/03/i-got-a-letter-from-the-government.pdf"
"","b002e8b6406fbdf3de9bfcb3493e61c8a44b331f53125e8fed9daa351c49fd34","","Operation Manul","Kazakhstan","https://www.eff.org/files/2016/08/03/i-got-a-letter-from-the-government.pdf"
"","c447fd4d6e1deb794acde683bb2176becf353c6e1b2acdfced27c4413711f6f0","","Operation Manul","Kazakhstan","https://www.eff.org/files/2016/08/03/i-got-a-letter-from-the-government.pdf"
"","d803c4d736bcb247d23735a7160b93c2f3d98de5d432680f5eaf9212f965248c","","Operation Manul","Kazakhstan","https://www.eff.org/files/2016/08/03/i-got-a-letter-from-the-government.pdf"
"","e4381ad27b10d895ad8338ba399221d385653b83b8d5dbd5a32cb86a0c318d44","","Operation Manul","Kazakhstan","https://www.eff.org/files/2016/08/03/i-got-a-letter-from-the-government.pdf"
"","eccb3d7d1e8a7cd27c7caf21885c95122eed28361651e8e47b8c02828b232c7e","","Operation Manul","Kazakhstan","https://www.eff.org/files/2016/08/03/i-got-a-letter-from-the-government.pdf"
"","f56c545a3157f1cf753de5ac56bb52e5af42bc6b8225d26aafdce3b430287f34","","Operation Manul","Kazakhstan","https://www.eff.org/files/2016/08/03/i-got-a-letter-from-the-government.pdf"
"","f9dd8ebb062842798d53e78633ed9ca296f4a93dafb0fe60320a34a3d58d78d4","","Operation Manul","Kazakhstan","https://www.eff.org/files/2016/08/03/i-got-a-letter-from-the-government.pdf"
"","fc49b37b879af6e675f223d324d32c894ba83952b2ee109d52bfa9bd8212e005","","Operation Manul","Kazakhstan","https://www.eff.org/files/2016/08/03/i-got-a-letter-from-the-government.pdf"
"","2667b356b5a36232b7fbe3cedd4c9b44b9cf4150c445cf6871fa4b2c8daac16e","","Infy","Iran","https://iranthreats.github.io/us-16-Guarnieri-Anderson-Iran-And-The-Soft-War-For-Internet-Dominance-paper.pdf"
"","2f294d20aea4741091ddb36540b1512161ddfd3caa3831bfc44fcc75c1ba1db9","","Infy","Iran","https://iranthreats.github.io/us-16-Guarnieri-Anderson-Iran-And-The-Soft-War-For-Internet-Dominance-paper.pdf"
"","0f7b24298e1eb983adc9244ee2ff18e0a6dba5d269d42725d5dbac17910c4daf","","Infy","Iran","https://iranthreats.github.io/us-16-Guarnieri-Anderson-Iran-And-The-Soft-War-For-Internet-Dominance-paper.pdf"
"","3c707f1ea5bd42a1c8f48e2e34e8a2cbdfa3f305f5b38aac5427ee5fc00857a3","","Infy","Iran","https://iranthreats.github.io/us-16-Guarnieri-Anderson-Iran-And-The-Soft-War-For-Internet-Dominance-paper.pdf"
"","16bcc5064630591b7f5a85b807704262bc7923a77b7a475b4c2cb4fe7ae7056a","","Infy","Iran","https://iranthreats.github.io/us-16-Guarnieri-Anderson-Iran-And-The-Soft-War-For-Internet-Dominance-paper.pdf"
"","fc8b141949d008a858439af68236f8eb342273ade1c38a3e0b41ebe07788cd00","","Infy","Iran","https://iranthreats.github.io/us-16-Guarnieri-Anderson-Iran-And-The-Soft-War-For-Internet-Dominance-paper.pdf"
"","7aaef5813058a8b14a15f81b398a53e1f241dbf246108f17871727bef6a6c98d","","Infy","Iran","https://iranthreats.github.io/us-16-Guarnieri-Anderson-Iran-And-The-Soft-War-For-Internet-Dominance-paper.pdf"
"","39d951c330277a8b22bdd8fb64db1629b1036b16754fc0d740eee2bd009d01f7","","Infy","Iran","https://iranthreats.github.io/us-16-Guarnieri-Anderson-Iran-And-The-Soft-War-For-Internet-Dominance-paper.pdf"
"","c3eddcbb5ccabc8090cc0bbb5772da5992fa9e33cda8ecdb541399841d281661","","Infy","Iran","https://iranthreats.github.io/us-16-Guarnieri-Anderson-Iran-And-The-Soft-War-For-Internet-Dominance-paper.pdf"
"","c379a700975a72d0ac332e28d408d3bae0b6a7243180631d62a1df0240581742","","Infy","Iran","https://iranthreats.github.io/us-16-Guarnieri-Anderson-Iran-And-The-Soft-War-For-Internet-Dominance-paper.pdf"
"","9c19afd0afd7dea5fabf82303898a6755df7d24b8720012e32d54bdeb3bb9ffc","","Infy","Iran","https://iranthreats.github.io/us-16-Guarnieri-Anderson-Iran-And-The-Soft-War-For-Internet-Dominance-paper.pdf"
"","3f1fe8d7a3f0562f04c095aa3fafec48797ca114477ca3b332745d0dcca617ee","","Infy","Iran","https://iranthreats.github.io/us-16-Guarnieri-Anderson-Iran-And-The-Soft-War-For-Internet-Dominance-paper.pdf"
"","19860e921cd2d775f51ccc03edbeab80646677a0c8152589e5f1976cba768579","","Infy","Iran","https://iranthreats.github.io/us-16-Guarnieri-Anderson-Iran-And-The-Soft-War-For-Internet-Dominance-paper.pdf"
"","c14c039407ed833d2ee65512fe91d4a0daa8ab43350371357481ae1fbfc011e2","","Infy","Iran","https://iranthreats.github.io/us-16-Guarnieri-Anderson-Iran-And-The-Soft-War-For-Internet-Dominance-paper.pdf"
"","2d11aabc362fd7a0359a2f8023ae51f7886d76afb25a8a49ebb9cfd57ab49b87","","Infy","Iran","https://iranthreats.github.io/us-16-Guarnieri-Anderson-Iran-And-The-Soft-War-For-Internet-Dominance-paper.pdf"
"","fbdc4364ec9d7d09e5c9b86a0ea5f5c48a37df48d274013e91bf1893b4456f95","","Infy","Iran","https://iranthreats.github.io/us-16-Guarnieri-Anderson-Iran-And-The-Soft-War-For-Internet-Dominance-paper.pdf"
"","13efe41a4ed172b19a60f3de751daff7612bd291539c3ebcea233043275e6ff6","","Infy","Iran","https://iranthreats.github.io/us-16-Guarnieri-Anderson-Iran-And-The-Soft-War-For-Internet-Dominance-paper.pdf"
"","3c9319749df130c00a7b563fb99028b0dc11592da9af1fbf3349f53bb7c8cad9","","Infy","Iran","https://iranthreats.github.io/us-16-Guarnieri-Anderson-Iran-And-The-Soft-War-For-Internet-Dominance-paper.pdf"
"","6540e3c6dbab604871f7c9b29e4471c8e02aac382aaa74930aa213786ffcc72b","","Infy","Iran","https://iranthreats.github.io/us-16-Guarnieri-Anderson-Iran-And-The-Soft-War-For-Internet-Dominance-paper.pdf"
"","a9382f4eb13ec502848efb1a85cd86a59cbb87f7e08f7ade8280c8863ee7cac8","","Infy","Iran","https://iranthreats.github.io/us-16-Guarnieri-Anderson-Iran-And-The-Soft-War-For-Internet-Dominance-paper.pdf"
"","e3e8199cd5b6fbf0f21d52520b88821ee9944a8cb9989b950d07d99e2b6f0c9a","","Infy","Iran","https://iranthreats.github.io/us-16-Guarnieri-Anderson-Iran-And-The-Soft-War-For-Internet-Dominance-paper.pdf"
"","46c6820b373be028dc42f190bf7c75a7b1491d56775a2797445e1cb7733009e0","","Infy","Iran","https://iranthreats.github.io/us-16-Guarnieri-Anderson-Iran-And-The-Soft-War-For-Internet-Dominance-paper.pdf"
"","2ddb74fe0d7a1f6f633dbe575aaf7298085b414fdfc343ab26fc939fa7c0e76f","","Infy","Iran","https://iranthreats.github.io/us-16-Guarnieri-Anderson-Iran-And-The-Soft-War-For-Internet-Dominance-paper.pdf"
"","49acbfe9afce8bd7b780d309d86319a823e0bfa302a901db997eb9a6baaffa5c","","Infy","Iran","https://iranthreats.github.io/us-16-Guarnieri-Anderson-Iran-And-The-Soft-War-For-Internet-Dominance-paper.pdf"
"","2ddb74fe0d7a1f6f633dbe575aaf7298085b414fdfc343ab26fc939fa7c0e76f","","Infy","Iran","https://iranthreats.github.io/us-16-Guarnieri-Anderson-Iran-And-The-Soft-War-For-Internet-Dominance-paper.pdf"
"","374157480f9416bc2c486c204e8bdb6e1d149f9e7dc12fb3128c6f7ca1d89ff6","","Infy","Iran","https://iranthreats.github.io/us-16-Guarnieri-Anderson-Iran-And-The-Soft-War-For-Internet-Dominance-paper.pdf"
"","9a6104377ca2da5f3b63dfc59978f067d65c69fd0393e05650dc972c054fde59","","Infy","Iran","https://iranthreats.github.io/us-16-Guarnieri-Anderson-Iran-And-The-Soft-War-For-Internet-Dominance-paper.pdf"
"","058b64614ef2ca5492346966846e494b93f9d531f8efe482e521d0ae44c1b2b7","","Infy","Iran","https://iranthreats.github.io/us-16-Guarnieri-Anderson-Iran-And-The-Soft-War-For-Internet-Dominance-paper.pdf"
"","ccf55307429103bf795e9d477cb15072b0c490b92b6633785df95c8f050eaf6a","","Infy","Iran","https://iranthreats.github.io/us-16-Guarnieri-Anderson-Iran-And-The-Soft-War-For-Internet-Dominance-paper.pdf"
"","14fe3923694a47a94674e98ba33308266f06aa8d0a35673325f6ee539d78f2c1","","Infy","Iran","https://iranthreats.github.io/us-16-Guarnieri-Anderson-Iran-And-The-Soft-War-For-Internet-Dominance-paper.pdf"
"","bcb4789fb705d16657c18c0350fd86350d8feed8f8b98385512b018f41c16b12","","Infy","Iran","https://iranthreats.github.io/us-16-Guarnieri-Anderson-Iran-And-The-Soft-War-For-Internet-Dominance-paper.pdf"
"","04b72e7a02e12e5fd795ba0593df51c6653e257a1a65750c395db2007841118c","","Infy","Iran","https://iranthreats.github.io/us-16-Guarnieri-Anderson-Iran-And-The-Soft-War-For-Internet-Dominance-paper.pdf"
"","03931ddb969dfd7eae16114edb31b85d0cc930a74e3302f3224054dd11ea5585","","Infy","Iran","https://iranthreats.github.io/us-16-Guarnieri-Anderson-Iran-And-The-Soft-War-For-Internet-Dominance-paper.pdf"
"","ed376d37a9d07705a33a05c33fdb2aa40d7d80d5c8d34dc681656bc1c389f151","","Infy","Iran","https://iranthreats.github.io/us-16-Guarnieri-Anderson-Iran-And-The-Soft-War-For-Internet-Dominance-paper.pdf"
"","e355b7f1c88d8d0919d4526b113fea25902fd095a2cb934296c984d8015421dd","","Infy","Iran","https://iranthreats.github.io/us-16-Guarnieri-Anderson-Iran-And-The-Soft-War-For-Internet-Dominance-paper.pdf"
"","e1f95a38b436afdf6a1141f07a1e092ce90740e4d6c3d85f4910e63ecbed390f","","Infy","Iran","https://iranthreats.github.io/us-16-Guarnieri-Anderson-Iran-And-The-Soft-War-For-Internet-Dominance-paper.pdf"
"","060c1531890ab8bb5854d00355df73784b675090ee7e9e56d7aadde1b6e983ba","","Infy","Iran","https://iranthreats.github.io/us-16-Guarnieri-Anderson-Iran-And-The-Soft-War-For-Internet-Dominance-paper.pdf"
"","0598dd550b3854380a4afe915f61ad63ca807d3adf52f4548a49290fbbf7f1e0","","Infy","Iran","https://iranthreats.github.io/us-16-Guarnieri-Anderson-Iran-And-The-Soft-War-For-Internet-Dominance-paper.pdf"
"","9f016d21b3602ebe3f1f4db6f55e102cfb08084fd0fb2b3413b911a8f993c7f8","","Infy","Iran","https://iranthreats.github.io/us-16-Guarnieri-Anderson-Iran-And-The-Soft-War-For-Internet-Dominance-paper.pdf"
"","ab6bc6d2802ce622f5dbbeb7ab63fea48fcd78dd3755ac2226358d8c6816c3cc","","Infy","Iran","https://iranthreats.github.io/us-16-Guarnieri-Anderson-Iran-And-The-Soft-War-For-Internet-Dominance-paper.pdf"
"","71dbd5677d812de362e82bddbe11aedbf24edf0e10a49861e3c5ae58b14d4603","","Infy","Iran","https://iranthreats.github.io/us-16-Guarnieri-Anderson-Iran-And-The-Soft-War-For-Internet-Dominance-paper.pdf"
"","2c4740eb58ef192f43e1e2066c2820ea8c2b9e88ac54c8ac9112114d0899be7b","","Infy","Iran","https://iranthreats.github.io/us-16-Guarnieri-Anderson-Iran-And-The-Soft-War-For-Internet-Dominance-paper.pdf"
"","3f4d7bbe3d5513b93bd354f4120c98be7a1a388f37de1049262deaa5fb7eb2ac","","Infy","Iran","https://iranthreats.github.io/us-16-Guarnieri-Anderson-Iran-And-The-Soft-War-For-Internet-Dominance-paper.pdf"
"","55205d75a045959054d10f0dee4277679528071b9593c76a44e6f0ba30c8b305","","Infy","Iran","https://iranthreats.github.io/us-16-Guarnieri-Anderson-Iran-And-The-Soft-War-For-Internet-Dominance-paper.pdf"
"","818de69a85e1deb79693b326afa70a8a2a384c502d6667406608f5b86c4fea2a","","Infy","Iran","https://iranthreats.github.io/us-16-Guarnieri-Anderson-Iran-And-The-Soft-War-For-Internet-Dominance-paper.pdf"
"","bb66faefc92f3dd799db42b3835235cbee8882015c193867cd4cbf118c95aaed","","Infy","Iran","https://iranthreats.github.io/us-16-Guarnieri-Anderson-Iran-And-The-Soft-War-For-Internet-Dominance-paper.pdf"
"","e1f95a38b436afdf6a1141f07a1e092ce90740e4d6c3d85f4910e63ecbed390f","","Infy","Iran","https://iranthreats.github.io/us-16-Guarnieri-Anderson-Iran-And-The-Soft-War-For-Internet-Dominance-paper.pdf"
"","fd948669e9f11be95cf3f7a70c4bd0adcc7857f350ed25cbb77428f8e736f7b1","","Infy","Iran","https://iranthreats.github.io/us-16-Guarnieri-Anderson-Iran-And-The-Soft-War-For-Internet-Dominance-paper.pdf"
"","2f294d20aea4741091ddb36540b1512161ddfd3caa3831bfc44fcc75c1ba1db9","","Infy","Iran","https://iranthreats.github.io/us-16-Guarnieri-Anderson-Iran-And-The-Soft-War-For-Internet-Dominance-paper.pdf"
"","26b87a0a8a7ac56955f5013d279b30d6559b470eaf722f607dba9e382b6d7003","","Infy","Iran","https://iranthreats.github.io/us-16-Guarnieri-Anderson-Iran-And-The-Soft-War-For-Internet-Dominance-paper.pdf"
"","37ca57083768b783beee896d3e1f84c96e7c0bb39d3fb7ccf09caff63ea13629","","Infy","Iran","https://iranthreats.github.io/us-16-Guarnieri-Anderson-Iran-And-The-Soft-War-For-Internet-Dominance-paper.pdf"
"","43bd06de8cfc34a98ed59b29a9499d934bfe5aeb541a87296e5b509dd4a50514","","Infy","Iran","https://iranthreats.github.io/us-16-Guarnieri-Anderson-Iran-And-The-Soft-War-For-Internet-Dominance-paper.pdf"
"","52f112c65a0532749f7e68790fee687a47aecd1d2ed50bfca546e79393e03fb4","","Infy","Iran","https://iranthreats.github.io/us-16-Guarnieri-Anderson-Iran-And-The-Soft-War-For-Internet-Dominance-paper.pdf"
"","55c29dc2be5c681e7f1e6fdc1a46eaa7a3ba711820e9620707f8f41874cb0751","","Infy","Iran","https://iranthreats.github.io/us-16-Guarnieri-Anderson-Iran-And-The-Soft-War-For-Internet-Dominance-paper.pdf"
"","5655adef4a05f29fc003ea573f10f219b3cad4d4a811c8355349118b89bb35ee","","Infy","Iran","https://iranthreats.github.io/us-16-Guarnieri-Anderson-Iran-And-The-Soft-War-For-Internet-Dominance-paper.pdf"
"","587aac84cf62c768b2d30131cc9f7ac2d9c73c874ca49961aa2b70c5227d43cf","","Infy","Iran","https://iranthreats.github.io/us-16-Guarnieri-Anderson-Iran-And-The-Soft-War-For-Internet-Dominance-paper.pdf"
"","6c5871fb6364c10afa2c949714108818388e609308f087ee3b57fe82b9c2d10e","","Infy","Iran","https://iranthreats.github.io/us-16-Guarnieri-Anderson-Iran-And-The-Soft-War-For-Internet-Dominance-paper.pdf"
"","7ef47f72a5b47df3a9f3830f21dd8478c87f5b178452679cebd93ce18ce27502","","Infy","Iran","https://iranthreats.github.io/us-16-Guarnieri-Anderson-Iran-And-The-Soft-War-For-Internet-Dominance-paper.pdf"
"","774b107fe5b1dad409039ab7c702112a31999089e33c37f5800ad8090b855c21","","Infy","Iran","https://iranthreats.github.io/us-16-Guarnieri-Anderson-Iran-And-The-Soft-War-For-Internet-Dominance-paper.pdf"
"","8db637c4ff5d464dfa23fdd2b1bced369015b5fdfcee841549a2b5d8d2449c27","","Infy","Iran","https://iranthreats.github.io/us-16-Guarnieri-Anderson-Iran-And-The-Soft-War-For-Internet-Dominance-paper.pdf"
"","8ec73a4032ca01ed7dd325a02e995548ca80e950f05ace36a656c35f47a835d8","","Infy","Iran","https://iranthreats.github.io/us-16-Guarnieri-Anderson-Iran-And-The-Soft-War-For-Internet-Dominance-paper.pdf"
"","b7170b06ff9aefb8c82ac0d336cc99f75cb9b08ef71c6aa62b39497bb3c87a05","","Infy","Iran","https://iranthreats.github.io/us-16-Guarnieri-Anderson-Iran-And-The-Soft-War-For-Internet-Dominance-paper.pdf"
"","ca321cf2590cda54c6c195f89d8862090355486cfbc13283534901558a055f3a","","Infy","Iran","https://iranthreats.github.io/us-16-Guarnieri-Anderson-Iran-And-The-Soft-War-For-Internet-Dominance-paper.pdf"
"","ca50bb6c13d2f44b2e41c868d69696751abe027a58fec4a3ced32652f074c867","","Infy","Iran","https://iranthreats.github.io/us-16-Guarnieri-Anderson-Iran-And-The-Soft-War-For-Internet-Dominance-paper.pdf"
"","cb5219513c3eb3cf8aaf10676b7976db97370a843cdb58bb2fcc2391493257b2","","Infy","Iran","https://iranthreats.github.io/us-16-Guarnieri-Anderson-Iran-And-The-Soft-War-For-Internet-Dominance-paper.pdf"
"","d84b30a0752b9aec2fab7f32cfbf53193cb74db6d1c5c6b63b40756176e5b473","","Infy","Iran","https://iranthreats.github.io/us-16-Guarnieri-Anderson-Iran-And-The-Soft-War-For-Internet-Dominance-paper.pdf"
"","12ab8e615eb8f2b531534e2724ebd34917539343b9f5b43d7c62860d19fb9954","","Infy","Iran","https://iranthreats.github.io/us-16-Guarnieri-Anderson-Iran-And-The-Soft-War-For-Internet-Dominance-paper.pdf"
"","7b0bc1442036e4fed232073ffcf13322d1d5fd9b60a2b8c0f14848d6e3c4a596","","Infy","Iran","https://iranthreats.github.io/us-16-Guarnieri-Anderson-Iran-And-The-Soft-War-For-Internet-Dominance-paper.pdf"
"","935e9fce0422e6dcbb7b7462379c31ba01da3a6475e508ab5926c1bd340b0c02","","Infy","Iran","https://iranthreats.github.io/us-16-Guarnieri-Anderson-Iran-And-The-Soft-War-For-Internet-Dominance-paper.pdf"
"","261c5f32abb8801576ce81be2c66bca564a8a28ab5ea0954bad6bac7071e299b","Ghambar","Cleaver","Iran","https://iranthreats.github.io/us-16-Guarnieri-Anderson-Iran-And-The-Soft-War-For-Internet-Dominance-paper.pdf"
"","2c92da2721466bfbdaff7fedd9f3e8334b688a88ee54d7cab491e1a9df41258f","Ghambar","Cleaver","Iran","https://iranthreats.github.io/us-16-Guarnieri-Anderson-Iran-And-The-Soft-War-For-Internet-Dominance-paper.pdf"
"","ff5ff4fee5b52c6b53fd1c01790df235d65d673b927c1cc90b7020a571c21894","","Rocket Kitten","Iran","https://iranthreats.github.io/us-16-Guarnieri-Anderson-Iran-And-The-Soft-War-For-Internet-Dominance-paper.pdf"
"","0c1fe38b035a125253f4d28c08c63433f5325a113810cb7e750c80e3bfcdeea9","","Rocket Kitten","Iran","https://iranthreats.github.io/us-16-Guarnieri-Anderson-Iran-And-The-Soft-War-For-Internet-Dominance-paper.pdf"
"","333430c63c407b343fde95634d4620682ba8e660cefb6b5c17e5a473e0780024","","Rocket Kitten","Iran","https://iranthreats.github.io/us-16-Guarnieri-Anderson-Iran-And-The-Soft-War-For-Internet-Dominance-paper.pdf"
"","58b0ce144d830b2d19c47c2abf0d357d188ef923b525e748085fca7ab6b1bbb0","","Rocket Kitten","Iran","https://iranthreats.github.io/us-16-Guarnieri-Anderson-Iran-And-The-Soft-War-For-Internet-Dominance-paper.pdf"
"","3b20dc9e9eebd9457cce3d0a4a0497f36599925c4157147b116e9eb7cf7e0db7","","Rocket Kitten","Iran","https://iranthreats.github.io/us-16-Guarnieri-Anderson-Iran-And-The-Soft-War-For-Internet-Dominance-paper.pdf"
"","96590f60cf2f2c4484e4130c79738f32fac2e689bbc2ecd28dc02425ad06c38e","","Rocket Kitten","Iran","https://iranthreats.github.io/us-16-Guarnieri-Anderson-Iran-And-The-Soft-War-For-Internet-Dominance-paper.pdf"
"","0fa3583fb34ab722129f64a5ee2aeec353152988e505a042da3ba26955ee35f4","","Sima","Iran","https://iranthreats.github.io/us-16-Guarnieri-Anderson-Iran-And-The-Soft-War-For-Internet-Dominance-paper.pdf"
"","11cad49a9b0a811db4e159e8802d25e96b5d7a3d35abfe1875de59de85a4a547","","Sima","Iran","https://iranthreats.github.io/us-16-Guarnieri-Anderson-Iran-And-The-Soft-War-For-Internet-Dominance-paper.pdf"
"","37e9d941b603e364dfabb1738b9257800d1fb0d17c2674385165683f69e86d62","","Sima","Iran","https://iranthreats.github.io/us-16-Guarnieri-Anderson-Iran-And-The-Soft-War-For-Internet-Dominance-paper.pdf"
"","6540e3c6dbab604871f7c9b29e4471c8e02aac382aaa74930aa213786ffcc72b","","Sima","Iran","https://iranthreats.github.io/us-16-Guarnieri-Anderson-Iran-And-The-Soft-War-For-Internet-Dominance-paper.pdf"
"","dac3a657ef25701895bcc8b76eab4d72d8469917dbd3adef2865ed1777a42f74","","Sima","Iran","https://iranthreats.github.io/us-16-Guarnieri-Anderson-Iran-And-The-Soft-War-For-Internet-Dominance-paper.pdf"
"","ec55ba45ac6aa9dd60c7210c02271476d41f05e9ce12bbb2c4d9e39ce6b83bf7","","Sima","Iran","https://iranthreats.github.io/us-16-Guarnieri-Anderson-Iran-And-The-Soft-War-For-Internet-Dominance-paper.pdf"
"8b2ad85b8b5c835777664f240f2065e6","85899e8270a7f1795189e67625a33098b8264bbd5c79d2800246aa69f89e8ee4","","","Iran","https://iranthreats.github.io/resources/android-malware/"
"40e09e28551080f4ebdba54ff15e81a5","d128d2177c65a24cc2938193b6b45e927679a367c7ba1d408baca734aef3e23f","","","Iran","https://iranthreats.github.io/resources/android-malware/"
"3101082d0277e6de030da7a9b813dc93","e2694da3a053c434d0265be78525cf43babd95efb2660446eddc7cdfda51f468","","","Iran","https://iranthreats.github.io/resources/android-malware/"
"","a62dde31eecf650c2dd39eeda9daf8fd35b1dff5330e72035d1846579ea838dc","","","Iran","https://iranthreats.github.io/resources/android-malware/"
"","1a24714fd99030bd63804ab96fc2612f148a5f08d1c2845152c3a0e168600db9","","","Iran","https://iranthreats.github.io/resources/android-malware/"
"","e6cd39cf0af6a0b7d8129bf6400e671d5fd2a3797b92e0fe4a8e93f3de46b716","","","Iran","https://iranthreats.github.io/resources/android-malware/"
"","13c462f6606c20d23796d6b937b0fa6887029dc68f2a3376cc3fa1e068a833e9","","","Iran","https://iranthreats.github.io/resources/android-malware/"
"","e6cd39cf0af6a0b7d8129bf6400e671d5fd2a3797b92e0fe4a8e93f3de46b716","ExtremeDownloader","","Iran","https://iranthreats.github.io/resources/android-malware/"
"","b0afef1ee97c8a9a7a7d4a83b5d8aab3a710062d9df98f909a3306c031e2cc21","MoreOriz","","Iran","https://iranthreats.github.io/resources/android-malware/"
"","3a8995413b8e63dca766999c5a3220114e4ab4c446130c5bd7c852a618dd2fa7","Strealer","","Iran","https://iranthreats.github.io/resources/android-malware/"
"","70c55fef53fd4bdeb135ed68a7eead45e8d4ba7d17e0fd907e9770b2793b60ed","Hworm","","Middle East","https://researchcenter.paloaltonetworks.com/2016/10/unit42-houdinis-magic-reappearance/"
"","9af85e46344dadf1467c71d66865c7af98a23151025e7d8993bd9afc5150ad7d","Hworm","","Middle East","https://researchcenter.paloaltonetworks.com/2016/10/unit42-houdinis-magic-reappearance/"
"","773716bc2d313e17326471289a0b552f90086a2687fa958ef8cdb611cbc9a8c9","Hworm","","Middle East","https://researchcenter.paloaltonetworks.com/2016/10/unit42-houdinis-magic-reappearance/"
"","e0db0982c437c40ceb67970e0a776e9448f428e919200b5f7a0566c58680070c","Hworm","","Middle East","https://researchcenter.paloaltonetworks.com/2016/10/unit42-houdinis-magic-reappearance/"
"","1f45e5eca8f8882481b13fd4a67ffa88a1aa4d6e875a9c2e1fbf0b80e92d9588","Hworm","","Middle East","https://researchcenter.paloaltonetworks.com/2016/10/unit42-houdinis-magic-reappearance/"
"","5e42e61340942fc0c46a6668a7f54adbbb4792b01c819bcd3047e855116ae16f","Hworm","","Middle East","https://researchcenter.paloaltonetworks.com/2016/10/unit42-houdinis-magic-reappearance/"
"","fec925721b6563fec32d7a4cf8df777c647f0e24454fa783569f65cdadff9e03","Hworm","","Middle East","https://researchcenter.paloaltonetworks.com/2016/10/unit42-houdinis-magic-reappearance/"
"","106934ff7f6f93a371a4561fff23d69e6783512c38126fbd427ed4a886ca6e65","Hworm","","Middle East","https://researchcenter.paloaltonetworks.com/2016/10/unit42-houdinis-magic-reappearance/"
"","ba739f3f415efe005fbed6fcfcb1e6d3b3ae64e9a8d2b0566ab913f73530887c","Hworm","","Middle East","https://researchcenter.paloaltonetworks.com/2016/10/unit42-houdinis-magic-reappearance/"
"","0672e47513aefcbc3f7a9bd50849acf507a5454bc8c36580304105479c58772a","Hworm","","Middle East","https://researchcenter.paloaltonetworks.com/2016/10/unit42-houdinis-magic-reappearance/"
"","386057a265619c43ef245857b66241a66822061ce9bd047556c4f3f1d262ef36","Hworm","","Middle East","https://researchcenter.paloaltonetworks.com/2016/10/unit42-houdinis-magic-reappearance/"
"","44b52baf2ecef2f928a13b17ba3a5552c32ca4a640e6421b8bc35ef5a113801b","Hworm","","Middle East","https://researchcenter.paloaltonetworks.com/2016/10/unit42-houdinis-magic-reappearance/"
"","8428857b0c7dfe43cf2182dd585dfdfd845697a11c31e91d909dc400222b4f78","Hworm","","Middle East","https://researchcenter.paloaltonetworks.com/2016/10/unit42-houdinis-magic-reappearance/"
"","d69e0456ddb11b979bf303b8bb9f87322bd2a9542dd9d9f716100c40bd6decd1","Hworm","","Middle East","https://researchcenter.paloaltonetworks.com/2016/10/unit42-houdinis-magic-reappearance/"
"","bd5d64234e1ac87955f1d86ee1af34bd8fd11e8edf3a449181234bb62816acab","Hworm","","Middle East","https://researchcenter.paloaltonetworks.com/2016/10/unit42-houdinis-magic-reappearance/"
"","774501f3c88ebdd409ec318d08af2350ec37fdbc11f32681f855e215e75440d7","Hworm","","Middle East","https://researchcenter.paloaltonetworks.com/2016/10/unit42-houdinis-magic-reappearance/"
"","c66b9e8aaa2ac4ce5b53b45ebb661ba7946f5b82e75865ae9e98510caff911a7","Hworm","","Middle East","https://researchcenter.paloaltonetworks.com/2016/10/unit42-houdinis-magic-reappearance/"
"","7916ca6ae6fdbfb45448f6dcff374d072d988d11aa15247a88167bf973ee2c0d","Hworm","","Middle East","https://researchcenter.paloaltonetworks.com/2016/10/unit42-houdinis-magic-reappearance/"
"","947d264a413f3353c43dafa0fd918bec75e8752a953b50843bc8134286d6f93f","Hworm","","Middle East","https://researchcenter.paloaltonetworks.com/2016/10/unit42-houdinis-magic-reappearance/"
"","9ddf2f2e6ac7da61c04c03f3f27af12cb85e096746f120235724a4ed93fac5aa","Hworm","","Middle East","https://researchcenter.paloaltonetworks.com/2016/10/unit42-houdinis-magic-reappearance/"
"","3d287cce7fe1caa5c033a4e6b94680c90a25cb3866837266130ba0fd8fab562c","Hworm","","Middle East","https://researchcenter.paloaltonetworks.com/2016/10/unit42-houdinis-magic-reappearance/"
"","444b82caf3c17ea74034c984aeca0f5b2e6547af88a0fb15953f2d5b80e3b448","Hworm","","Middle East","https://researchcenter.paloaltonetworks.com/2016/10/unit42-houdinis-magic-reappearance/"
"","3d3db84b6ad760540f638713e3f6a8daf8a226bd045351bcc72c6d22a7df8b3a","Hworm","","Middle East","https://researchcenter.paloaltonetworks.com/2016/10/unit42-houdinis-magic-reappearance/"
"","fffda1e2d794a5645f973900083a88ef38c3d20a89c5e59ca21412806db28197","Hworm","","Middle East","https://researchcenter.paloaltonetworks.com/2016/10/unit42-houdinis-magic-reappearance/"
"28b95a2c399e60ee535c32e73860fbea","","","PowerDuke","","https://www.volexity.com/blog/2016/11/09/powerduke-post-election-spear-phishing-campaigns-targeting-think-tanks-and-ngos/"
"3335f0461e5472803f4b19b706eaf4b5","","","PowerDuke","","https://www.volexity.com/blog/2016/11/09/powerduke-post-election-spear-phishing-campaigns-targeting-think-tanks-and-ngos/"
"4e1dec16d58ba5f4196f6a76a0bca75c","","","PowerDuke","","https://www.volexity.com/blog/2016/11/09/powerduke-post-election-spear-phishing-campaigns-targeting-think-tanks-and-ngos/"
"57c627d68e156676d08bfc0829b94331","","","PowerDuke","","https://www.volexity.com/blog/2016/11/09/powerduke-post-election-spear-phishing-campaigns-targeting-think-tanks-and-ngos/"
"7b9b51cb44cd6a7af1cd28faeeda04a7","","","PowerDuke","","https://www.volexity.com/blog/2016/11/09/powerduke-post-election-spear-phishing-campaigns-targeting-think-tanks-and-ngos/"
"8b3050a95e3ce00424b85f6e9cc3ccec","","","PowerDuke","","https://www.volexity.com/blog/2016/11/09/powerduke-post-election-spear-phishing-campaigns-targeting-think-tanks-and-ngos/"
"8c53ee9137a7d540fcff0d523f7d0822","","","PowerDuke","","https://www.volexity.com/blog/2016/11/09/powerduke-post-election-spear-phishing-campaigns-targeting-think-tanks-and-ngos/"
"9f420779c90e118a0b5fd904380878a1","","","PowerDuke","","https://www.volexity.com/blog/2016/11/09/powerduke-post-election-spear-phishing-campaigns-targeting-think-tanks-and-ngos/"
"a8e700492e113f73558131d94bc9ae2f","","","PowerDuke","","https://www.volexity.com/blog/2016/11/09/powerduke-post-election-spear-phishing-campaigns-targeting-think-tanks-and-ngos/"
"ad6723f61e10aefd9688b29b474a9323","","","PowerDuke","","https://www.volexity.com/blog/2016/11/09/powerduke-post-election-spear-phishing-campaigns-targeting-think-tanks-and-ngos/"
"ae997d2047705ff46a0c228f7b5d7052","","","PowerDuke","","https://www.volexity.com/blog/2016/11/09/powerduke-post-election-spear-phishing-campaigns-targeting-think-tanks-and-ngos/"
"b774f39d31c32da0f6a5fb5d0e6d2892","","","PowerDuke","","https://www.volexity.com/blog/2016/11/09/powerduke-post-election-spear-phishing-campaigns-targeting-think-tanks-and-ngos/"
"bea0a6f069bd547db685698bc9f9d25a","","","PowerDuke","","https://www.volexity.com/blog/2016/11/09/powerduke-post-election-spear-phishing-campaigns-targeting-think-tanks-and-ngos/"
"c272aebc661c54cc960ba9a4a3578952","","","PowerDuke","","https://www.volexity.com/blog/2016/11/09/powerduke-post-election-spear-phishing-campaigns-targeting-think-tanks-and-ngos/"
"cbf96820dc74a50a91b2b8b94376682a","","","PowerDuke","","https://www.volexity.com/blog/2016/11/09/powerduke-post-election-spear-phishing-campaigns-targeting-think-tanks-and-ngos/"
"ead48f15ebc088384a4bd6190c2343fa","","","PowerDuke","","https://www.volexity.com/blog/2016/11/09/powerduke-post-election-spear-phishing-campaigns-targeting-think-tanks-and-ngos/"
"f713d5df826c6051e65f995e57d6817d","","","PowerDuke","","https://www.volexity.com/blog/2016/11/09/powerduke-post-election-spear-phishing-campaigns-targeting-think-tanks-and-ngos/"
"f79caf27a99c091e6c1775b306993341","","","PowerDuke","","https://www.volexity.com/blog/2016/11/09/powerduke-post-election-spear-phishing-campaigns-targeting-think-tanks-and-ngos/"
"05b5cf94f07fee666eb086c91182ad25","","","KeyBoy","Tibet","https://citizenlab.ca/2016/11/parliament-keyboy/"
"087bffa8a570079948310dc9731c5709","","","KeyBoy","Tibet","https://citizenlab.ca/2016/11/parliament-keyboy/"
"0b4d45db323f68b465ae052d3a872068","","","KeyBoy","Tibet","https://citizenlab.ca/2016/11/parliament-keyboy/"
"0c7e55509e0b6d4277b3facf864af018","","","KeyBoy","Tibet","https://citizenlab.ca/2016/11/parliament-keyboy/"
"23d284245e53ae4fe05c517d807ffccf","","","KeyBoy","Tibet","https://citizenlab.ca/2016/11/parliament-keyboy/"
"371bc132499f455f06fa80696db0df27","","","KeyBoy","Tibet","https://citizenlab.ca/2016/11/parliament-keyboy/"
"495adb1b9777002ecfe22aaf52fcee93","","","KeyBoy","Tibet","https://citizenlab.ca/2016/11/parliament-keyboy/"
"8307e444cad98b1b59568ad2eba5f201","","","KeyBoy","Tibet","https://citizenlab.ca/2016/11/parliament-keyboy/"
"8846d109b457a2ee44ddbf54d1cf7944","","","KeyBoy","Tibet","https://citizenlab.ca/2016/11/parliament-keyboy/"
"8f08609e4e0b3d26814b3073a42df415","","","KeyBoy","Tibet","https://citizenlab.ca/2016/11/parliament-keyboy/"
"913b82ff8f090670fc6387e3a7bea12d","","","KeyBoy","Tibet","https://citizenlab.ca/2016/11/parliament-keyboy/"
"98977426d544bd145979f65f0322ae30","","","KeyBoy","Tibet","https://citizenlab.ca/2016/11/parliament-keyboy/"
"beadf21b923600554b0ce54df42e78f5","","","KeyBoy","Tibet","https://citizenlab.ca/2016/11/parliament-keyboy/"
"c5b5f01ba24d6c02636388809f44472e","","","KeyBoy","Tibet","https://citizenlab.ca/2016/11/parliament-keyboy/"
"0ca048153ac96e5c41243b364092af07","","","MoleRats","Middle East","http://pwc.blogs.com/cyber_security_updates/2016/11/molerats-theres-more-to-the-naked-eye.html"
"8a2e5662ed22d0d555e6b90fe5e1c902","","","MoleRats","Middle East","http://pwc.blogs.com/cyber_security_updates/2016/11/molerats-theres-more-to-the-naked-eye.html"
"ae9e9e3c73483e8b6c6e58e5629dc4d0","","","MoleRats","Middle East","http://pwc.blogs.com/cyber_security_updates/2016/11/molerats-theres-more-to-the-naked-eye.html"
"de2e753d12ce07f7b3f97c498d3477f8","","","MoleRats","Middle East","http://pwc.blogs.com/cyber_security_updates/2016/11/molerats-theres-more-to-the-naked-eye.html"
"5f0437c7dc45d4c10a045954db77dd31","","","MoleRats","Middle East","http://pwc.blogs.com/cyber_security_updates/2016/11/molerats-theres-more-to-the-naked-eye.html"
"7c14974dd39b071558c619d16c4216db","","","MoleRats","Middle East","http://pwc.blogs.com/cyber_security_updates/2016/11/molerats-theres-more-to-the-naked-eye.html"
"21ce82db335964b8624f8eb0668b539f","","","MoleRats","Middle East","http://pwc.blogs.com/cyber_security_updates/2016/11/molerats-theres-more-to-the-naked-eye.html"
"568d8c43815fa9608974071c49d68232","","Cyberbit","","Ethiopia","https://citizenlab.ca/2017/12/champing-cyberbit-ethiopian-dissidents-targeted-commercial-spyware/"
"80b7121c4ecac1c321ca2e3f507104c2","","Cyberbit","","Ethiopia","https://citizenlab.ca/2017/12/champing-cyberbit-ethiopian-dissidents-targeted-commercial-spyware/"
"8d6ce1a256acf608d82db6539bf73ae7","","Cyberbit","","Ethiopia","https://citizenlab.ca/2017/12/champing-cyberbit-ethiopian-dissidents-targeted-commercial-spyware/"
"840c4299f9cd5d4df46ee708c2c8247c","","Cyberbit","","Ethiopia","https://citizenlab.ca/2017/12/champing-cyberbit-ethiopian-dissidents-targeted-commercial-spyware/"
"961730964fd76c93603fb8f0d445c6f2","","Cyberbit","","Ethiopia","https://citizenlab.ca/2017/12/champing-cyberbit-ethiopian-dissidents-targeted-commercial-spyware/"
"376f28fb0aa650d6220a9d722cdb108d","","Cyberbit","","Ethiopia","https://citizenlab.ca/2017/12/champing-cyberbit-ethiopian-dissidents-targeted-commercial-spyware/"
"0488cf9c58f895076311bf8e2d93bf63","","Cyberbit","","Ethiopia","https://citizenlab.ca/2017/12/champing-cyberbit-ethiopian-dissidents-targeted-commercial-spyware/"
"ca782d91daea6d67dfc49d6e7baf39b0","","Cyberbit","","Ethiopia","https://citizenlab.ca/2017/12/champing-cyberbit-ethiopian-dissidents-targeted-commercial-spyware/"
"f483fe294b4c3af1e3c8163200d60aae","","Cyberbit","","Ethiopia","https://citizenlab.ca/2017/12/champing-cyberbit-ethiopian-dissidents-targeted-commercial-spyware/"
